{"intents": [
        {"tag": "greeting",
         "patterns": ["Hi there","Hey","Hola", "Hello", "Good day"],
         "responses": ["Hello, how can i help you"],
         "context": [""]
        },
	{"tag": "fine",
         "patterns": ["how are you"],
         "responses": ["i am fine"],
         "context": [""]
        },

	{"tag": "symptoms",
         "patterns": ["Can You please tell me about Corona virus symptoms","What are the symptoms of someone infected with a coronavirus"],
         "responses": ["yeah sure, Most common symptoms are fever, dry cough, tiredness and serious symptoms are difficulty in breathing, chest pain, loss of speech, and movement. "],
         "context": [""]
		 },
	{"tag": "precautions",
         "patterns": ["what precautions we should having ?","What can I do to protect myself"],
         "responses": ["Clean your hands often, Maintain a safe distance from peoples, Wear a mask when physical distancing is not possible, Do not touch your eyes, nose or mouth. Stay home if you feel unwell and avoid close contact with anyone showing symptoms of respiratory illness such as coughing and sneezing."],
         "context": [""]
		 },
	{"tag": "about virus",
         "patterns": ["i want to know about corona virus","What is a coronavirus?"],
         "responses": ["Coronaviruses are a large family of viruses, that are known to cause illness ranging from the common cold to more severe diseases, such as Middle East Respiratory Syndrome and Severe Acute Respiratory Syndrome. "],
         "context": [""]
		 },
	{"tag": "health workers",
         "patterns": ["Are health workers at risk from a novel coronavirus "],
         "responses": ["Yes, they can be, as health care workers come into contact with patients more often than the general public WHO recommends that health care workers consistently apply appropriate "],
         "context": [""]
		 },
	{"tag": "treatment",
         "patterns": ["Is there a treatment for a novel coronavirus? "],
         "responses": ["There is no specific treatment for disease caused by a novel coronavirus. However, many of the symptoms can be treated, and therefore treatment based on the patient’s clinical condition. Moreover, supportive care for infected persons can be highly effective."],
         "context": [""]
		 },
	{"tag": "recovery time",
         "patterns": ["What is the recovery time for the coronavirus disease?"],
         "responses": ["Using available preliminary data, the median time from onset to clinical recovery for mild cases is approximately 2 weeks, and is 3-6 weeks for patients with severe or critical disease. "],
         "context": [""]
		 },
	{"tag": "Does heat",
         "patterns": ["Does heat prevent COVID 19 ?"],
         "responses": [" Exposing yourself to the sun or temperatures higher than 25 degree celsius, DOES NOT protect you from COVID 19. You can catch COVID-19, no matter how sunny or hot the weather is. Countries with hot weather have reported cases of COVID 19. "],
         "context": [""]
		 },
	{"tag": "thanks doctor",
         "patterns": ["thanks doctor ","thankyou"],
         "responses": ["Welcome, i hope you are satified."],
         "context": [""]
        },
	{"tag": "Introduction",
         "patterns": ["tell me about yourself","whats your speciality"],
         "responses": ["Well, i am emma and i am a covid advisor."],
         "context": [""]
        },
	{"tag": "Immunity",
         "patterns": ["how can i increase our immunity","how we can strong our immunity in this covid pandemic"],
         "responses": ["regularly consume vegetables and fruits rich in Beta carotene, Ascorbic acid & other essential vitamins. Certain foods like mushrooms, tomato, bell pepper and green vegetables like broccoli, spinach are also good options to build immunity more storng."],
         "context": [""]
        }
   ]
}
